,item, price ,url
0,Transfer Punch Set, $75.00 ,https://toronto.craigslist.org/yrk/tls/d/newmarket-transfer-punch-set/6786183782.html
1,SMC Air Cylinder, $150.00 ,https://toronto.craigslist.org/yrk/tls/d/newmarket-smc-air-cylinder/6786184341.html
2,"1-3/16"" HSS Taper Shank Drill Bit NEW", $45.00 ,https://toronto.craigslist.org/yrk/tls/d/newmarkethss-taper-shank-drill-bit-new/6786184709.html
3,"Somet 20"" Height Gage", $160.00 ,https://toronto.craigslist.org/yrk/tls/d/newmarket-somet-20-height-gage/6786185308.html
4,"1/2"" Socket Shoulder Screws", $65.00 ,https://toronto.craigslist.org/yrk/tls/d/newmarket-1-2-socket-shoulder-screws/6787188511.html
5,Sine Bar, $180.00 ,https://toronto.craigslist.org/yrk/tls/d/newmarket-sine-bar/6787189191.html
6,Dewalt table saw, $300.00 ,https://toronto.craigslist.org/tor/tls/d/toronto-dewalt-table-saw/6804435381.html
7,Heavy Duty Packing Tape Dispenser, $5.00 ,https://toronto.craigslist.org/oak/tls/d/oakville-heavy-duty-packing-tape/6786817847.html
8,NEW 110LB SPRING SCALE HOOK TYPE, $18.00 ,https://toronto.craigslist.org/tor/tld/d/north-york-new-110lb-spring-scale-hook/6804392107.html
9,"3/8"" Variable Speed Right Angle Drill", $60.00 ,https://toronto.craigslist.org/tor/tld/d/north-york-3-8-variable-speed-right/6804392464.html
10,"Brand New 5"" Double Cut Dual Saw Kit", $130.00 ,https://toronto.craigslist.org/tor/tld/d/north-york-brand-new-5-double-cut-dual/6804393479.html
11,INNER TIE ROD REMOVAL SET, $60.00 ,https://toronto.craigslist.org/tor/tld/d/north-york-inner-tie-rod-removal-set/6804394006.html
12,Black & decker cyclone belt sander, $30.00 ,https://toronto.craigslist.org/tor/tls/d/toronto-black-decker-cyclone-belt-sander/6804328732.html
13,3M N95 particulate respirator masks, $10.00 ,https://toronto.craigslist.org/tor/tls/d/north-york-3m-n95-particulate/6804326897.html
14,Vintage CNR Railroad Spike Hammer Tool, $50.00 ,https://toronto.craigslist.org/tor/tls/d/scarborough-vintage-cnr-railroad-spike/6804252555.html
15,Dewalt Professional XR 18 volt Hammer Drill & XR Impact Driver, $130.00 ,https://toronto.craigslist.org/tor/tls/d/markham-dewalt-professional-xr-18-volt/6804247288.html
16,Master Lock Red Lock out locks, $40.00 ,https://toronto.craigslist.org/yrk/tls/d/woodbridge-master-lock-red-lock-out/6804132170.html
17,NEW! CANADA PRO-FIX 24 and 30 INCH BOW SAW BLADES, $6.00 ,https://toronto.craigslist.org/tor/tls/d/new-canada-pro-fix-24-and-30-inch-bow/6790193666.html
18,"NEW!  TOOLWAY 3"" AND 4"" PAINT BRUSHES", $8.00 ,https://toronto.craigslist.org/tor/tls/d/new-toolway-3-and-4-paint-brushes/6798256219.html
19,NEW!  MATRIX 7pc NUT DRIVER SET, $15.00 ,https://toronto.craigslist.org/tor/tls/d/york-new-matrix-7pc-nut-driver-set/6786319296.html
20,NEW!  30m/100ft REWINDING SURVEYOR'S MEASURING TAPE, $17.00 ,https://toronto.craigslist.org/tor/tls/d/york-new-30m-100ft-rewinding-surveyors/6790129735.html
21,Old Wooden Yard Stick, $4.00 ,https://toronto.craigslist.org/yrk/tls/d/richmond-hill-old-wooden-yard-stick/6793631863.html
22,makita cordless band saw blades, $45.00 ,https://toronto.craigslist.org/tor/tls/d/north-york-makita-cordless-band-saw/6801806292.html
23,7 inch Cutting Metal Cutting Band Saw BS-712R," $1,799.00 ",https://toronto.craigslist.org/mss/tld/d/burnaby-7-inch-cutting-metal-cutting/6800402719.html
24,"Cordless Drill 1/2"" & Corded Hammer Drill", $85.00 ,https://toronto.craigslist.org/tor/tls/d/north-york-cordless-drill-1-2-corded/6803825324.html
25,2 Wheel Moving Dolly or Hand Truck- Heavy Duty - Exc Cond, $40.00 ,https://toronto.craigslist.org/mss/tls/d/mississauga-2-wheel-moving-dolly-or/6793054229.html
26,Kaka Industrial TR-60 Manual Tube Pipe Roller Bender, $454.00 ,https://toronto.craigslist.org/oak/tld/d/burnaby-kaka-industrial-tr-60-manual/6791131477.html
27,Scriber Carbide Tip, $6.00 ,https://toronto.craigslist.org/tor/tls/d/north-york-scriber-carbide-tip/6803528156.html
28,DELUXE R134a ALUMINUM AIR CONDITIONER MANIFOLD GAUGE, $100.00 ,https://toronto.craigslist.org/tor/tld/d/north-york-deluxe-r134a-aluminum-air/6803527128.html
29,STEEL LOCK LONG SHANK ROUND TYPE, $13.00 ,https://toronto.craigslist.org/tor/tld/d/north-york-steel-lock-long-shank-round/6803527370.html
30,~Brand new~ Magna Cart Flatform 4-Wheeled Hand Truck dolly, $79.00 ,https://toronto.craigslist.org/tor/tls/d/brand-new-magna-cart-flatform-4-wheeled/6783476139.html
31,Vintage Folding Yard Stick, $4.00 ,https://toronto.craigslist.org/yrk/tls/d/richmond-hill-vintage-folding-yard-stick/6793631263.html
32,"""M"" Style Quick Coupler Pieces", $3.00 ,https://toronto.craigslist.org/bra/tls/d/brampton-style-quick-coupler-pieces/6803354103.html
33,Dewalt Saw Push Stick Rip Claw OEM Part A24507, $10.00 ,https://toronto.craigslist.org/tor/tls/d/toronto-dewalt-saw-push-stick-rip-claw/6800084660.html
34,6-pc Stubby Auger Bit Set, $40.00 ,https://toronto.craigslist.org/bra/tls/d/brampton-6-pc-stubby-auger-bit-set/6803236492.html
35,Power Fist 2 Ton Trolley Hydraulic Jack, $50.00 ,https://toronto.craigslist.org/tor/tls/d/power-fist-2-ton-trolley-hydraulic-jack/6787410993.html
36,Vintage Steelpix Stemming Machine, $20.00 ,https://toronto.craigslist.org/yrk/tls/d/richmond-hill-vintage-steelpix-stemming/6787237511.html
37,Made in USA DEWALT 20V Li-Ion Compact Hammer Drill/Driver Kit & bonus, $140.00 ,https://toronto.craigslist.org/tor/tls/d/toronto-made-in-usa-dewalt-20v-li-ion/6788838546.html
38,5 pc plier set $ 25, $25.00 ,https://toronto.craigslist.org/tor/tls/d/5-pc-plier-set-25/6803115411.html
39,/SCREWDRIVERS $20/ ROLLERSTAND $20 /, $20.00 ,https://toronto.craigslist.org/tor/tls/d/screwdrivers-20-rollerstand-20/6803115980.html
40,2 new Milwaukee M18 batteries and charger, $135.00 ,https://toronto.craigslist.org/tor/tls/d/toronto-2-new-milwaukee-m18-batteries/6803054396.html
41,"New 12"" Impuls Bag Sealer with copper transformer", $38.00 ,https://toronto.craigslist.org/tor/tls/d/scarborough-new-12-impuls-bag-sealer/6802848977.html
42,"20"" Impulse Sealer Heat Manual Seal Machine Plastic Poly Bag", $139.00 ,https://toronto.craigslist.org/tor/tls/d/scarborough-20-impulse-sealer-heat/6802843481.html
43,6 foot alumimum ladder, $40.00 ,https://toronto.craigslist.org/tor/tls/d/toronto-6-foot-alumimum-ladder/6802783938.html
44,Trerice Dial liquid Thermometer, $25.00 ,https://toronto.craigslist.org/yrk/tls/d/richmond-hill-trerice-dial-liquid/6791100086.html
45,"Brand New 1/4"" Laminate Trimmer", $60.00 ,https://toronto.craigslist.org/tor/tls/d/north-york-brand-new-1-4-laminate/6802710791.html
46,Brand New 350W HVLP FLOOR BASED SPRAY GUN, $80.00 ,https://toronto.craigslist.org/tor/tld/d/north-york-brand-new-350w-hvlp-floor/6802701345.html
47,BRAND NEW DRILL GAUGE, $4.00 ,https://toronto.craigslist.org/tor/tld/d/north-york-brand-new-drill-gauge/6802700032.html
48,40PC SOCKET TRAY RACK, $13.00 ,https://toronto.craigslist.org/tor/tld/d/north-york-40pc-socket-tray-rack/6802700257.html
49,"10"" 15amp Table Saw with Riving Knife", $165.00 ,https://toronto.craigslist.org/tor/tld/d/north-york-10-15amp-table-saw-with/6802700557.html
50,BRAND NEW 14PC GEAR & BEARING SEPARATOR, $50.00 ,https://toronto.craigslist.org/tor/tld/d/north-york-brand-new-14pc-gear-bearing/6802700896.html
51,Lincoln Idealarc 250 welder (Reduced.), $100.00 ,https://toronto.craigslist.org/tor/tls/d/etobicoke-lincoln-idealarc-250-welder/6789038007.html
52,Alternator / Voltage tester, $50.00 ,https://toronto.craigslist.org/tor/tls/d/etobicoke-alternator-voltage-tester/6789040156.html
53,Tool box + tools, $10.00 ,https://toronto.craigslist.org/tor/tls/d/toronto-tool-box-tools/6798701101.html
54,Campbell Hausfeld Cordless Drill, $30.00 ,https://toronto.craigslist.org/tor/tls/d/toronto-campbell-hausfeld-cordless-drill/6802527185.html
55,Construction Measuring Tapes, $1.00 ,https://toronto.craigslist.org/tor/tls/d/toronto-construction-measuring-tapes/6802491054.html
56,Ridgid WD06700 6gallon Wet Dry Vac 5.8 amp 120 Volt Shop Vac, $30.00 ,https://toronto.craigslist.org/tor/tls/d/toronto-ridgid-wdgallon-wet-dry-vac-58/6788517210.html
57,drill bits, $10.00 ,https://toronto.craigslist.org/tor/tls/d/toronto-drill-bits/6802259743.html
58,tools for sale, $20.00 ,https://toronto.craigslist.org/tor/tls/d/tools-for-sale/6802260211.html
59,Asphalt saw blades, $140.00 ,https://toronto.craigslist.org/tor/tls/d/etobicoke-asphalt-saw-blades/6786475122.html
60,drill, $20.00 ,https://toronto.craigslist.org/tor/tls/d/north-york-drill/6802109833.html
61,SHIPMATE JIGSAW FOR SALE!, $25.00 ,https://toronto.craigslist.org/bra/tls/d/bolton-shipmate-jigsaw-for-sale/6801951272.html
62,Dewalt 18V Cordless Tool Set, $350.00 ,https://toronto.craigslist.org/tor/tls/d/toronto-dewalt-18v-cordless-tool-set/6801943671.html
63,CONCRETE SAW CART FOR SALE!, $50.00 ,https://toronto.craigslist.org/tor/tls/d/concrete-saw-cart-for-sale/6801933749.html
64,Woodhead Model 927 Heavy Duty Retractable Cord Reel 25' Cord, $110.00 ,https://toronto.craigslist.org/yrk/tls/d/markham-woodhead-model-927-heavy-duty/6788984839.html
65,LIKE NEW SKIL JIGSAW FOR SALE!, $40.00 ,https://toronto.craigslist.org/bra/tls/d/bolton-like-new-skil-jigsaw-for-sale/6801868579.html
66,"Grizzly 6"" lathe chuck, brand new", $185.00 ,https://toronto.craigslist.org/tor/tls/d/etobicoke-grizzly-6-lathe-chuck-brand/6782558183.html
67,DEWALT HAND SAW FOR SALE!, $90.00 ,https://toronto.craigslist.org/bra/tls/d/bolton-dewalt-hand-saw-for-sale/6801837752.html
68,Makita 12V Cordless Drill, $150.00 ,https://toronto.craigslist.org/tor/tls/d/toronto-makita-12v-cordless-drill/6801813548.html
69,QUALITY TOOLS Claw Hammer, $15.00 ,https://toronto.craigslist.org/mss/tls/d/mississauga-quality-tools-claw-hammer/6801749430.html
70,"Gas Can, Clean, One Imperial Gallon (4.7L), 1.25 U.S. Gal", $5.00 ,https://toronto.craigslist.org/yrk/tls/d/richmond-hill-gas-can-clean-one/6801743463.html
71,bolts, $20.00 ,https://toronto.craigslist.org/tor/tls/d/north-york-bolts/6801676284.html
72,Scale Torque Wrench, $25.00 ,https://toronto.craigslist.org/tor/tls/d/north-york-scale-torque-wrench/6801669709.html
73,"Vintage TecoMaster Professional 1"" Wrench, Oil Filter Wrench", $15.00 ,https://toronto.craigslist.org/tor/tls/d/toronto-vintage-tecomaster-professional/6801566657.html
74,***GREAT !! WorkCentre Drive Socket Kit - 40 Piece Set !!**, $30.00 ,https://toronto.craigslist.org/oak/tls/d/oakville-great-workcentre-drive-socket/6796893675.html
75,Oxy-acetylene tanks 40/55 CF, $350.00 ,https://toronto.craigslist.org/tor/tls/d/toronto-oxy-acetylene-tankscf/6795697132.html
76,-BRAND NEW IN BOX- Lincoln Electric MIG 180 WELDER (230v), $625.00 ,https://toronto.craigslist.org/tor/tls/d/brand-new-in-box-lincoln-electric-mig/6785936524.html
77,"Brand New Plastic or Alumium Single, Double, 3-way Suction Cups", $2.00 ,https://toronto.craigslist.org/tor/tld/d/north-york-brand-new-plastic-or-alumium/6801029193.html
78,"15PC X 1/4""CARBIDE ROUTER BIT", $35.00 ,https://toronto.craigslist.org/tor/tld/d/north-york-15pc-1-4carbide-router-bit/6801028594.html
79,Orange or Green High Visibility Vest/Shirt, $8.00 ,https://toronto.craigslist.org/tor/tld/d/north-york-orange-or-green-high/6801028395.html
80,HUSKY 16 oz. Fiberglass Claw Hammer, $10.00 ,https://toronto.craigslist.org/yrk/tls/d/north-york-husky-16-oz-fiberglass-claw/6800991841.html
81,"14"" steel cutting wheel", $5.00 ,https://toronto.craigslist.org/tor/tls/d/14-steel-cutting-wheel/6800741108.html
82,pressure washer, $49.00 ,https://toronto.craigslist.org/tor/tls/d/york-pressure-washer/6795217640.html
83,FOURTEEN Piece Socket Set - C.P., $110.00 ,https://toronto.craigslist.org/mss/tls/d/mississauga-fourteen-piece-socket-set-cp/6800566299.html
84,FIVE Piece Socket Set - C.P., $150.00 ,https://toronto.craigslist.org/mss/tls/d/mississauga-five-piece-socket-set-cp/6800560556.html
85,Impact Wrench CP-898-6, $300.00 ,https://toronto.craigslist.org/mss/tls/d/mississauga-impact-wrench-cp-898-6/6800527314.html
86,Impact Wrench - CAR TOOL, $275.00 ,https://toronto.craigslist.org/mss/tls/d/mississauga-impact-wrench-car-tool/6800522446.html
87,Moving Sale! Dewalt Flexvolt Line Up - Brand New Used Once!," $3,500.00 ",https://toronto.craigslist.org/yrk/tls/d/newmarket-moving-sale-dewalt-flexvolt/6800490075.html
88,Bosch GLL100G Green-Beam Self-Leveling Cross-Line Laser, $225.00 ,https://toronto.craigslist.org/tor/tls/d/toronto-bosch-gll100g-green-beam-self/6800452069.html
89,New 8 Gallon 2.5HP Oil-free Air Compressor W/20pc Pneumatic Accessory, $200.00 ,https://toronto.craigslist.org/tor/tld/d/north-york-new-8-gallon-25hp-oil-free/6800367436.html
90,BRAND NEW 16 PCS HOLE SAW KIT, $20.00 ,https://toronto.craigslist.org/tor/tld/d/north-york-brand-new-16-pcs-hole-saw-kit/6800341847.html
91,Brand New Hand Wood Plane, $19.00 ,https://toronto.craigslist.org/tor/tld/d/north-york-brand-new-hand-wood-plane/6800342078.html
92,New Soldering Sucker/Desoldering Pump, $6.00 ,https://toronto.craigslist.org/tor/tld/d/north-york-new-soldering-sucker/6800340908.html
93,HEAVY DUTY FLOORING PULL BAR, $25.00 ,https://toronto.craigslist.org/tor/tld/d/north-york-heavy-duty-flooring-pull-bar/6800341188.html
94,under hoist 2-ton tripod stand, $185.00 ,https://toronto.craigslist.org/tor/tls/d/etobicoke-under-hoist-2-ton-tripod-stand/6778844747.html
95,8 inch plywood finishing saw blade, $40.00 ,https://toronto.craigslist.org/tor/tls/d/etobicoke-8-inch-plywood-finishing-saw/6783825319.html
96,Cutters for Milwaukee Steel Hawg, $40.00 ,https://toronto.craigslist.org/tor/tls/d/cutters-for-milwaukee-steel-hawg/6783826496.html
97,15 gal Air Compressor, $340.00 ,https://toronto.craigslist.org/tor/tls/d/etobicoke-15-gal-air-compressor/6794788876.html
98,Zircon Studsensor Edge, $25.00 ,https://toronto.craigslist.org/mss/tls/d/mississauga-zircon-studsensor-edge/6800046415.html
99,"Box of rigging for HVAC, piping, sprinklers etc. Reduced!", $80.00 ,https://toronto.craigslist.org/tor/tls/d/box-of-rigging-for-hvac-piping/6786435655.html
100,Low Angle Antique Wood Plane, $55.00 ,https://toronto.craigslist.org/tor/tls/d/low-angle-antique-wood-plane/6786438921.html
101,Stabila 81SM Die Cast Magnetic Torpedo Level, $45.00 ,https://toronto.craigslist.org/tor/tls/d/toronto-stabila-81sm-die-cast-magnetic/6786445713.html
102,drill, $20.00 ,https://toronto.craigslist.org/tor/tls/d/north-york-drill/6799956519.html
103,Ridgid 31025 18-inch Heavy-Duty Straight Pipe Wrench, $49.00 ,https://toronto.craigslist.org/yrk/tls/d/north-york-ridgidinch-heavy-duty/6799907700.html
104,Vintage Eggbeater-type Manual Hand Drill for Tools / Props, $39.00 ,https://toronto.craigslist.org/yrk/tls/d/north-york-vintage-eggbeater-type/6799907350.html
105,"New 8"" Tri-Square/9"" Torpedo Level 2pc measuring set", $10.00 ,https://toronto.craigslist.org/tor/tld/d/north-york-new-8-tri-square-9-torpedo/6799873870.html
106,ADJUSTABLE HOLE CUTTER, $15.00 ,https://toronto.craigslist.org/tor/tld/d/north-york-adjustable-hole-cutter/6799874230.html
107,Brand New Milwaukee M12/M18 Battery Replacement, $60.00 ,https://toronto.craigslist.org/tor/tld/d/north-york-brand-new-milwaukee-m12-m18/6799874395.html
108,Brand New 3pc Pipe Expander Set, $45.00 ,https://toronto.craigslist.org/tor/tld/d/north-york-brand-new-3pc-pipe-expander/6799874595.html
109,Vintage Great Neck Nut Drivers display unit !, $20.00 ,https://toronto.craigslist.org/tor/tls/d/vintage-great-neck-nut-drivers-display/6779092871.html
110,TOOL KIT, $25.00 ,https://toronto.craigslist.org/tor/tls/d/tool-kit/6799831706.html
111,"wrenches $ 65,00", $65.00 ,https://toronto.craigslist.org/tor/tls/d/wrenches-6500/6799832206.html
112,1.25 to 6 inch FLEXIBLE WALL SCRAPERS, $5.00 ,https://toronto.craigslist.org/tor/tls/d/125-to-6-inch-flexible-wall-scrapers/6799806703.html
113,Hand Riveter and Aviation Tin Snips, $15.00 ,https://toronto.craigslist.org/mss/tls/d/hand-riveter-and-aviation-tin-snips/6799795589.html
114,Navien Flow Sensor PN 30010537A, $50.00 ,https://toronto.craigslist.org/tor/tls/d/north-york-navien-flow-sensor-pna/6799677237.html
115,Folding Steel Shovel, $25.00 ,https://toronto.craigslist.org/tor/tls/d/toronto-folding-steel-shovel/6779200112.html
116,***AMAZING VALUE*** FS: 15m HEAVY DUTY (14 AWG) OUTDOOR EXTENSION CORD, $35.00 ,https://toronto.craigslist.org/tor/tls/d/east-york-amazing-value-fs-15m-heavy/6799509230.html
117,***AMAZING VALUE*** FS: 2 STEP STEPLADDER, $30.00 ,https://toronto.craigslist.org/tor/tls/d/east-york-amazing-value-fs-2-step/6799484189.html
118,***AMAZING DEAL*** FS: BRAND NEW MASTERCRAFT BRASS PADLOCK, $5.00 ,https://toronto.craigslist.org/tor/tls/d/east-york-amazing-deal-fs-brand-new/6799474269.html
119,***GREAT DEAL*** FS: STEEL UTILITY CLAMPS, $3.00 ,https://toronto.craigslist.org/tor/tls/d/east-york-great-deal-fs-steel-utility/6799471778.html
120,***GREAT VALUE*** FS: CRAFTSMAN 1/3 SHEET DUAL MODE SANDER, $50.00 ,https://toronto.craigslist.org/tor/tls/d/east-york-great-value-fs-craftsman-1-3/6799456289.html
121,Good Old Dewalt 18V Powertools, $100.00 ,https://toronto.craigslist.org/tor/tls/d/east-york-good-old-dewalt-18v-powertools/6792418670.html
122,"Blue-Point feeler gauge, wire gap for point ignition systems", $10.00 ,https://toronto.craigslist.org/yrk/tls/d/north-york-blue-point-feeler-gauge-wire/6799291007.html
123,Shrink wrap, $20.00 ,https://toronto.craigslist.org/tor/tls/d/etobicoke-shrink-wrap/6799250980.html
124,Dolly 2 wheeler, $30.00 ,https://toronto.craigslist.org/tor/tls/d/etobicoke-dolly-2-wheeler/6799246186.html
125,Grinder, $20.00 ,https://toronto.craigslist.org/tor/tls/d/etobicoke-grinder/6799241804.html
126,Vacuum, $10.00 ,https://toronto.craigslist.org/tor/tls/d/etobicoke-vacuum/6799235306.html
127,Level, $20.00 ,https://toronto.craigslist.org/tor/tls/d/etobicoke-level/6799233104.html
128,Window mesh, $10.00 ,https://toronto.craigslist.org/tor/tls/d/etobicoke-window-mesh/6799204788.html
129,Hardwood, $5.00 ,https://toronto.craigslist.org/tor/tls/d/etobicoke-hardwood/6799202685.html
130,Skraper, $10.00 ,https://toronto.craigslist.org/tor/tls/d/etobicoke-skraper/6799199825.html
131,Sand paper, $2.00 ,https://toronto.craigslist.org/tor/tls/d/etobicoke-sand-paper/6799186725.html
132,"8in1 Heat Press,24"" 500g Vinyl Cutter,Epson C88,Refillable Ink Kit"," $1,479.00 ",https://toronto.craigslist.org/tor/tld/d/8in1-heat-press24-500g-vinyl/6799071085.html
133,"8in1Sublimation Heat Press Transfer,Epson C88,W/Sublimation Ink", $879.00 ,https://toronto.craigslist.org/tor/tld/d/8in1sublimation-heat-press/6799065261.html
134,"24"" 500g force Laser Point Vinyl Cutter Plotter Heat Press Vinyl", $499.00 ,https://toronto.craigslist.org/tor/tld/d/g-force-laser-point-vinyl-cutter/6799046702.html
135,Dewalt 12V Drill and Battery, $45.00 ,https://toronto.craigslist.org/tor/tls/d/concord-dewalt-12v-drill-and-battery/6781572994.html
136,"Diamond core drill bits 1 1/2"" up to 12 """, $400.00 ,https://toronto.craigslist.org/tor/tls/d/north-york-diamond-core-drill-bitsup-to/6798993497.html
137,washer, $20.00 ,https://toronto.craigslist.org/tor/tls/d/north-york-washer/6798940548.html
138,nuts, $20.00 ,https://toronto.craigslist.org/tor/tls/d/north-york-nuts/6798934132.html
139,bolts, $20.00 ,https://toronto.craigslist.org/tor/tls/d/north-york-bolts/6798930633.html
140,Hammer, $5.00 ,https://toronto.craigslist.org/tor/tls/d/etobicoke-hammer/6798889861.html
141,drill, $20.00 ,https://toronto.craigslist.org/tor/tls/d/north-york-drill/6798887729.html
142,Paint suplies, $10.00 ,https://toronto.craigslist.org/tor/tls/d/etobicoke-paint-suplies/6798885239.html
143,Hand saw, $5.00 ,https://toronto.craigslist.org/tor/tls/d/etobicoke-hand-saw/6798845152.html
144,Pain't dispencer, $20.00 ,https://toronto.craigslist.org/tor/tls/d/etobicoke-paint-dispencer/6798838054.html
145,"Brand New 7"" Tile saw", $70.00 ,https://toronto.craigslist.org/tor/tld/d/north-york-brand-new-7-tile-saw/6798822897.html
146,"Brand New 10""/12"" Compound Miter Saw with Laser", $140.00 ,https://toronto.craigslist.org/tor/tld/d/north-york-brand-newcompound-miter-saw/6798823557.html
147,"Brand New 4""/5""/6"" HD Steel Vise", $60.00 ,https://toronto.craigslist.org/tor/tld/d/north-york-brand-newhd-steel-vise/6798822603.html
148,ExtenSion cable, $5.00 ,https://toronto.craigslist.org/tor/tls/d/etobicoke-extension-cable/6798809666.html
149,Miller MFLB-3-Z7/6FT Twin Turbo Lite 6' Life Line /Harness Set, $240.00 ,https://toronto.craigslist.org/mss/tls/d/mississauga-miller-mflb-3-z7-6ft-twin/6798704283.html
150,Sander, $10.00 ,https://toronto.craigslist.org/tor/tls/d/etobicoke-sander/6798613372.html
151,Tile cutter, $10.00 ,https://toronto.craigslist.org/tor/tls/d/etobicoke-tile-cutter/6798606108.html
152,Tile grouting tools, $5.00 ,https://toronto.craigslist.org/tor/tls/d/etobicoke-tile-grouting-tools/6798605353.html
153,Garage  bags, $10.00 ,https://toronto.craigslist.org/tor/tls/d/etobicoke-garage-bags/6798596500.html
154,I BRAND NEW IN BOX.  TMX410 MULTI-GAS MONITOR., $30.00 ,https://toronto.craigslist.org/tor/tls/d/east-york-brand-new-in-box-tmx410-multi/6798502426.html
155,chisels, $40.00 ,https://toronto.craigslist.org/tor/tls/d/north-york-chisels/6798311824.html
156,plyers and tape measure, $20.00 ,https://toronto.craigslist.org/tor/tls/d/north-york-plyers-and-tape-measure/6798294273.html
157,Scale Torque Wrench, $30.00 ,https://toronto.craigslist.org/tor/tls/d/north-york-scale-torque-wrench/6798271218.html
158,34 PC. TOOL KIT $ 30  / booster cables $20/hand crank/flashlight$10, $30.00 ,https://toronto.craigslist.org/tor/tls/d/34-pc-tool-kit-30-booster-cables-20/6798103328.html
159,*Brand NEW* -GREENWORKS Backpack Leaf Blower 80V - Electric, $360.00 ,https://toronto.craigslist.org/tor/tls/d/brand-new-greenworks-backpack-leaf/6798060298.html
160,BRAND NEW 40PC DIE GRINDER, $40.00 ,https://toronto.craigslist.org/tor/tld/d/north-york-brand-new-40pc-die-grinder/6797954753.html
161,"5"" VERNIER CALIPER", $10.00 ,https://toronto.craigslist.org/tor/tld/d/north-york-5-vernier-caliper/6797944886.html
162,BRAND NEW 5PC SHOWER VALVE SOCKET WRENCH SET, $15.00 ,https://toronto.craigslist.org/tor/tld/d/north-york-brand-new-5pc-shower-valve/6797943347.html
163,Brand New Safety Helmet, $8.00 ,https://toronto.craigslist.org/tor/tld/d/north-york-brand-new-safety-helmet/6797943562.html
164,Stihl TS350 Quick Cut Saw, $350.00 ,https://toronto.craigslist.org/tor/tls/d/east-york-stihl-ts350-quick-cut-saw/6797811075.html
165,metal snips $25, $25.00 ,https://toronto.craigslist.org/tor/tls/d/metal-snips-25/6797732245.html
166,WRENCHES $ 20, $20.00 ,https://toronto.craigslist.org/tor/tls/d/wrenches-20/6797732536.html
167,TOOL KIT, $25.00 ,https://toronto.craigslist.org/tor/tls/d/tool-kit/6797732657.html
168,speed wrench.3/8 dr $15/ hammer $10, $20.00 ,https://toronto.craigslist.org/tor/tls/d/speed-wrench3-8-dr-15-hammer-10/6797732044.html
169,Cable box key tool, $20.00 ,https://toronto.craigslist.org/yrk/tls/d/markham-cable-box-key-tool/6797592847.html
170,Sullstar EZ-RJ45 Crimp Tool Like New, $45.00 ,https://toronto.craigslist.org/tor/tls/d/east-york-sullstar-ez-rj45-crimp-tool/6792516692.html
171,digital torque adapter 1/2 inch socket 30-148 ft /lb, $25.00 ,https://toronto.craigslist.org/tor/tls/d/markham-digital-torque-adapter-1-2-inch/6797420045.html
172,black and decker drill/driver, $30.00 ,https://toronto.craigslist.org/tor/tls/d/toronto-black-and-decker-drill-driver/6777904185.html
173,Garden tools, $10.00 ,https://toronto.craigslist.org/tor/grd/d/toronto-garden-tools/6782894133.html
174,400 WATT INVERTER  /  tools for sale, $50.00 ,https://toronto.craigslist.org/tor/tls/d/400-watt-inverter-tools-for-sale/6797329065.html
175,"10"", 40 ,TOOTH SAW BLADE, $25.00", $25.00 ,https://toronto.craigslist.org/tor/tls/d/tooth-saw-blade-2500/6797329633.html
176,bayonet shank SAW BLADES #12366 (Rockwell & Porter Cable), $1.00 ,https://toronto.craigslist.org/drh/tls/d/bayonet-shank-saw-bladesrockwell-porter/6797260725.html
177,BRAND NEW PORTABLE FOLDING WORK BENCH, $50.00 ,https://toronto.craigslist.org/tor/tld/d/north-york-brand-new-portable-folding/6797139995.html
178,Brand New 1.6Gal/4.6gal Air Compressor Ultra Quiet, $200.00 ,https://toronto.craigslist.org/tor/tld/d/north-york-brand-new-16gal-46gal-air/6797141203.html
179,"Brand New Electric 3 1/4"" Planer", $90.00 ,https://toronto.craigslist.org/tor/tld/d/north-york-brand-new-electricplaner/6797140370.html
180,"3/8"" DR. AIR IMPACT WRENCH", $50.00 ,https://toronto.craigslist.org/tor/tld/d/north-york-3-8-dr-air-impact-wrench/6797141517.html
181,Brand New Air Sand Blaster Gun, $25.00 ,https://toronto.craigslist.org/tor/tld/d/north-york-brand-new-air-sand-blaster/6797140784.html
182,Compressor Parts, $1.00 ,https://toronto.craigslist.org/tor/tls/d/toronto-compressor-parts/6797062880.html
183,Festo pneumatic components, $70.00 ,https://toronto.craigslist.org/mss/tls/d/mississauga-festo-pneumatic-components/6796995502.html
184,400 WATT INVERTER  /  tools for sale, $50.00 ,https://toronto.craigslist.org/tor/for/d/400-watt-inverter-tools-for-sale/6796923696.html
185,SCREW DRIVERS $20   /   PLUS  TOOLS, $20.00 ,https://toronto.craigslist.org/tor/tls/d/screw-drivers-20-plus-tools/6796922624.html
186,2 Wheel Moving Dolly / Hand Truck, $15.00 ,https://toronto.craigslist.org/tor/tls/d/etobicoke-2-wheel-moving-dolly-hand/6796910830.html
187,"hardcase for Poulan gas chainsaw with 14"" or 16"" bar", $25.00 ,https://toronto.craigslist.org/tor/tls/d/north-york-hardcase-for-poulan-gas/6792562204.html
188,swap my Lawnboy Scamp/Utility side grass bag for a mulch plug & blade, $1.00 ,https://toronto.craigslist.org/tor/tls/d/north-york-swap-my-lawnboy-scamp/6778287540.html
189,Power Tools for Sale, $120.00 ,https://toronto.craigslist.org/tor/tls/d/north-york-power-tools-for-sale/6796846940.html
190,horse $ 20  each, $20.00 ,https://toronto.craigslist.org/tor/tls/d/horse-20-each/6796780204.html
191,112   / TOOL kit $70, $70.00 ,https://toronto.craigslist.org/tor/tls/d/112-tool-kit-70/6796777867.html
192,30 drill bit set  /  TOOLS TOOLS, $30.00 ,https://toronto.craigslist.org/tor/tls/d/30-drill-bit-set-tools-tools/6796778230.html
193,HAMMER'S  tools tools, $10.00 ,https://toronto.craigslist.org/tor/tls/d/hammers-tools-tools/6796776618.html
194,Black & Decker CS1000 Circular Saw, $30.00 ,https://toronto.craigslist.org/tor/tls/d/toronto-black-decker-cs1000-circular-saw/6783118283.html
195,NEW 2 Gallon Powermate Side Stack Air Compressor Combo Kit, $135.00 ,https://toronto.craigslist.org/tor/tls/d/toronto-new-2-gallon-powermate-side/6783117456.html
196,Black & Decker 148581 Battery Charger Adapter 6.7V DC 200mA, $20.00 ,https://toronto.craigslist.org/tor/tls/d/black-deckerbattery-charger-adapter-67v/6796426917.html
197,"3"" X 21"" Variable Speed Belt Sander", $60.00 ,https://toronto.craigslist.org/tor/tld/d/north-york-3-21-variable-speed-belt/6796288356.html
198,BRAND NEW SUPER FLASHLIGHT W/ZOOM CREE XM-L T6BULB-G700, $40.00 ,https://toronto.craigslist.org/tor/tld/d/north-york-brand-new-super-flashlight/6796285493.html
199,Brand New Mini grease gun, $13.00 ,https://toronto.craigslist.org/tor/tld/d/north-york-brand-new-mini-grease-gun/6796288130.html
200,50pc Dust Masks, $6.00 ,https://toronto.craigslist.org/tor/tld/d/north-york-50pc-dust-masks/6796285250.html
201,"compressor, Motomaster brand new", $150.00 ,https://toronto.craigslist.org/tor/tls/d/etobicoke-compressor-motomaster-brand/6796256576.html
202,Band new EGO 56V Power Battery, $150.00 ,https://toronto.craigslist.org/oak/tls/d/oakville-band-new-ego-56v-power-battery/6796238856.html
203,Brand new DeWalt DCB112 dual voltage Lithium-Ion Battery Charger, $40.00 ,https://toronto.craigslist.org/tor/tls/d/toronto-brand-new-dewalt-dcb112-dual/6794329257.html
204,Bosch 1033VSR 8 Amp 1/2-Inch Drill with Variable Speed, $75.00 ,https://toronto.craigslist.org/drh/tls/d/bosch-1033vsr-8-amp-1-2-inch-drill-with/6796096591.html
205,"SNAP ON 3/8 drive Socket Set deep 6-Point 11pc 1/4""--7/8""", $175.00 ,https://toronto.craigslist.org/drh/tld/d/snap-on-3-8-drive-socket-set-deep-6/6796096694.html
206,pro vision 300 bore scope, $45.00 ,https://toronto.craigslist.org/drh/tls/d/oshawa-pro-vision-300-bore-scope/6796096044.html
207,Ridgid Rapid Max battery charger, $45.00 ,https://toronto.craigslist.org/drh/tls/d/ridgid-rapid-max-battery-charger/6796096183.html
208,Weller Universal 140/100 Watt Solder Gun, $30.00 ,https://toronto.craigslist.org/drh/tls/d/weller-universalwatt-solder-gun/6796092573.html
209,Nail puller, $30.00 ,https://toronto.craigslist.org/drh/tls/d/oshawa-nail-puller/6796091913.html
210,turbo torch, $85.00 ,https://toronto.craigslist.org/drh/tls/d/oshawa-turbo-torch/6796092035.html
211,Porter-Cable - Laminate Trimmer w/ Standard Base -7301, $65.00 ,https://toronto.craigslist.org/drh/tls/d/porter-cable-laminate-trimmer-standard/6796092190.html
212,ENFORCER Air Cuff Lock bran new, $45.00 ,https://toronto.craigslist.org/drh/tls/d/enforcer-air-cuff-lock-bran-new/6796092306.html
213,car  flash light tool case $ 15, $15.00 ,https://toronto.craigslist.org/tor/tls/d/car-flash-light-tool-case-15/6796066950.html
214,Hilti GX2  concrete pins, $600.00 ,https://toronto.craigslist.org/tor/tls/d/toronto-hilti-gx2-concrete-pins/6796015897.html
215,Edge Bender," $9,500.00 ",https://toronto.craigslist.org/tor/tls/d/north-york-edge-bender/6796014788.html
216,1/4 oxy acetylene torch hose, $10.00 ,https://toronto.craigslist.org/tor/tls/d/1-4-oxy-acetylene-torch-hose/6777892044.html
217,washer, $20.00 ,https://toronto.craigslist.org/tor/tls/d/north-york-washer/6795822198.html
218,nuts, $20.00 ,https://toronto.craigslist.org/tor/tls/d/north-york-nuts/6795728161.html
219,bolts, $20.00 ,https://toronto.craigslist.org/tor/tls/d/north-york-bolts/6795725980.html
220,wrenches $ 20, $20.00 ,https://toronto.craigslist.org/tor/tls/d/wrenches-20/6795720538.html
221,"Heat Press 16 X 20"" w/ Teflon-coated Heat Element new!", $429.00 ,https://toronto.craigslist.org/tor/tls/d/scarborough-heat-pressteflon-coated/6795551923.html
222,CRAFTSMAN CORDLESS DRILL DRIVER 2 BATTERIES FLASHLIGHT CHARGER CASE MA, $40.00 ,https://toronto.craigslist.org/yrk/tls/d/markham-craftsman-cordless-drill-driver/6775247925.html
223,VINTAGE STANLEY 12-204 WOOD SMOOTH PLANE NO 4 SIZE, $60.00 ,https://toronto.craigslist.org/mss/tls/d/mississauga-vintage-stanleywood-smooth/6795330709.html
224,ParklandsÂ® Deluxe Security Guard Belt, $35.00 ,https://toronto.craigslist.org/mss/tls/d/mississauga-parklands-deluxe-security/6795331000.html
225,New Graco Airless Paintmaster spray painter for oil or latex w how-to, $125.00 ,https://toronto.craigslist.org/yrk/tls/d/north-york-new-graco-airless/6795223195.html
226,18V brushless Drill/Impact with 2 batteries and charger, $200.00 ,https://toronto.craigslist.org/tor/tls/d/mississauga-18v-brushless-drill-impact/6794979879.html
227,drill bits $ 10.00, $10.00 ,https://toronto.craigslist.org/tor/tls/d/drill-bits-1000/6794968981.html
228,"PEX Crimp Tool 3/4""", $50.00 ,https://toronto.craigslist.org/tor/tls/d/etobicoke-pex-crimp-tool-3-4/6794969164.html
229,160 LB 5 GL. MADE IN ITALY COMPRESSOR $ 150 O.B.O, $150.00 ,https://toronto.craigslist.org/tor/tls/d/160-lb-5-gl-made-in-italy-compressor/6794970372.html
230,Temperature Infrared Thermometer, $50.00 ,https://toronto.craigslist.org/tor/tls/d/etobicoke-temperature-infrared/6794964713.html
231,"DIES 1"" to 2""", $100.00 ,https://toronto.craigslist.org/tor/tls/d/etobicoke-dies-1-to-2/6794949415.html
232,"79pc.r,toolset $70 /  multimeter $15 / 22pc.toolset $20", $70.00 ,https://toronto.craigslist.org/tor/tls/d/79pcrtoolset-70-multimeter-15/6794910610.html
233,Set of 4 Brand new Slings and clevises, $150.00 ,https://toronto.craigslist.org/tor/tls/d/north-york-set-of-4-brand-new-slings/6794868048.html
234,Chain hoist, $75.00 ,https://toronto.craigslist.org/tor/tls/d/north-york-chain-hoist/6794868469.html
235,Heavy duty truck stand, $225.00 ,https://toronto.craigslist.org/tor/tls/d/north-york-heavy-duty-truck-stand/6794869207.html
236,"BRAND NEW 14"" AIR TIRE", $15.00 ,https://toronto.craigslist.org/tor/tld/d/north-york-brand-new-14-air-tire/6794577848.html
237,ROTARY TOOL KIT W/FLEX SHAFT 40PC, $40.00 ,https://toronto.craigslist.org/tor/tld/d/north-york-rotary-tool-kit-flex-shaft/6794578156.html
238,Saw Guide Protractor, $20.00 ,https://toronto.craigslist.org/tor/tld/d/north-york-saw-guide-protractor/6794577338.html
239,Brand New Post Driver, $40.00 ,https://toronto.craigslist.org/tor/tld/d/north-york-brand-new-post-driver/6794578404.html
240,Hilti Kwik Bolt II 44pcs Item # 00229232, $60.00 ,https://toronto.craigslist.org/tor/tls/d/toronto-hilti-kwik-bolt-ii-44pcs-item/6774609939.html
241,Warwood Sledge Hammer Head, $15.00 ,https://toronto.craigslist.org/tor/tls/d/toronto-warwood-sledge-hammer-head/6775228987.html
242,Concrete Steel Pick Axes, $40.00 ,https://toronto.craigslist.org/tor/tls/d/toronto-concrete-steel-pick-axes/6775231240.html
243,Steel Wire Brush, $5.00 ,https://toronto.craigslist.org/tor/tls/d/toronto-steel-wire-brush/6775231612.html
244,Vintage strong & sturdy wood tool box !, $25.00 ,https://toronto.craigslist.org/tor/tls/d/east-york-vintage-strong-sturdy-wood/6774199699.html
245,Vintage 11-inch Green Metal Toolbox with Handle, $10.00 ,https://toronto.craigslist.org/yrk/tls/d/north-york-vintage-11-inch-green-metal/6794363048.html
246,Kitchen tools - New, $5.00 ,https://toronto.craigslist.org/drh/hsh/d/whitby-kitchen-tools-new/6790540932.html
247,16oz Hammer, $6.00 ,https://toronto.craigslist.org/tor/tls/d/toronto-16oz-hammer/6794328238.html
248,Terra Tool Bag - Brand NEW, $25.00 ,https://toronto.craigslist.org/tor/tls/d/toronto-terra-tool-bag-brand-new/6794105753.html
249,Paslode Cordless 16 GA Straight Finish Nailer, $250.00 ,https://toronto.craigslist.org/tor/tls/d/toronto-paslode-cordless-16-ga-straight/6793829796.html
250,Sturdy workbench for sale, $300.00 ,https://toronto.craigslist.org/tor/tls/d/toronto-sturdy-workbench-for-sale/6793649654.html
251,Kids Toolbox and Tools, $5.00 ,https://toronto.craigslist.org/drh/bab/d/pickering-kids-toolbox-and-tools/6793590832.html
252,Table Saw - Saw Blade Holder, $10.00 ,https://toronto.craigslist.org/drh/tls/d/pickering-table-saw-saw-blade-holder/6793559154.html
253,Snapon Snap-on 16 pc Die Grinder + Accessories - BRAND NEW, $280.00 ,https://toronto.craigslist.org/drh/tls/d/pickering-snapon-snap-on-16-pc-die/6793553923.html
254,Sanding Disks Sandpaper - 8 inch - 120 Grit - 50pcs (8), $20.00 ,https://toronto.craigslist.org/drh/tls/d/pickering-sanding-disks-sandpaper-8/6793517571.html
255,Sanding Disks Sandpaper - 12 inch - 240 Grit - 100pcs (7), $40.00 ,https://toronto.craigslist.org/drh/tls/d/pickering-sanding-disks-sandpaper-12/6793516413.html
256,Sanding Disks Sandpaper - 12 inch - 120 Grit - 50pcs (6), $20.00 ,https://toronto.craigslist.org/drh/tls/d/pickering-sanding-disks-sandpaper-12/6793510984.html
257,Sanding Disks Sandpaper - 12 inch - 320 Grit - 100pcs (4), $20.00 ,https://toronto.craigslist.org/drh/tls/d/pickering-sanding-disks-sandpaper-12/6793509362.html
258,Sanding Disks Sandpaper - 12 inch - 120 Grit - 50pcs (5), $20.00 ,https://toronto.craigslist.org/drh/tls/d/pickering-sanding-disks-sandpaper-12/6793510185.html
259,Sanding Disks Sandpaper - 12 inch - 120 Grit - 100pcs (2), $40.00 ,https://toronto.craigslist.org/drh/tls/d/pickering-sanding-disks-sandpaper-12/6793507380.html
260,Sanding Disks Sandpaper - 12 inch - 120 Grit - 50pcs (3), $20.00 ,https://toronto.craigslist.org/drh/tls/d/pickering-sanding-disks-sandpaper-12/6793508473.html
261,Abrasive Cutoff Wheels - 9 inch - Qty 10 (1), $50.00 ,https://toronto.craigslist.org/drh/tls/d/pickering-abrasive-cutoff-wheels-9-inch/6793501641.html
262,"10"" Bench Saw", $100.00 ,https://toronto.craigslist.org/tor/tls/d/north-york-10-bench-saw/6793471994.html
263,Assorted Flashlights - NINE in TOTAL, $20.00 ,https://toronto.craigslist.org/drh/tls/d/pickering-assorted-flashlights-nine-in/6793429290.html
264,Mastercraft Circular Saw for sale - 14A, $40.00 ,https://toronto.craigslist.org/tor/tls/d/mastercraft-circular-saw-for-sale-14a/6793400744.html
265,Carlisle CC Burner - flameworking torch, $900.00 ,https://toronto.craigslist.org/tor/tls/d/toronto-carlisle-cc-burner-flameworking/6793395865.html
266,"ROPE 1/2""x 100'", $15.00 ,https://toronto.craigslist.org/drh/tls/d/scarborough-rope-1-2x-100/6774163573.html
267,Brand New Propane Torch w/2 Extra Nozzle, $40.00 ,https://toronto.craigslist.org/tor/tld/d/north-york-brand-new-propane-torch-2/6793201786.html
268,Brand New Palm Nailer, $40.00 ,https://toronto.craigslist.org/tor/tld/d/north-york-brand-new-palm-nailer/6793201406.html
269,Snow Blower, $400.00 ,https://toronto.craigslist.org/tor/tls/d/scarborough-snow-blower/6793099235.html
270,Milwaukee M18-M12 Charger, $50.00 ,https://toronto.craigslist.org/tor/tls/d/thornhill-milwaukee-m18-m12-charger/6793077943.html
271,Gas SnowBlower, $65.00 ,https://toronto.craigslist.org/tor/tls/d/north-york-gas-snowblower/6778749398.html
272,Stanley and Mastercraft Laser Line Levels, $40.00 ,https://toronto.craigslist.org/tor/tls/d/stanley-and-mastercraft-laser-line/6773164827.html
273,Mastercraft Toolbox 58-0825-2 with dual hinged top, $40.00 ,https://toronto.craigslist.org/tor/tls/d/mastercraft-toolboxwith-dual-hinged-top/6773146149.html
274,drill, $25.00 ,https://toronto.craigslist.org/tor/tls/d/north-york-drill/6792647165.html
275,Stud Sensor HD25 stud finder, $15.00 ,https://toronto.craigslist.org/mss/tls/d/mississauga-stud-sensor-hd25-stud-finder/6792333216.html
276,BRAND NEW 20V LITHIUM-ION SDS+ CORDLESS ROTARY HAMMER DRILL, $80.00 ,https://toronto.craigslist.org/tor/tld/d/north-york-brand-new-20v-lithium-ion/6792315135.html
277,30 PC COMBINATION HEX KEY, $12.00 ,https://toronto.craigslist.org/tor/tld/d/north-york-30-pc-combination-hex-key/6792314587.html
278,OSCILLATING MULTIFUNCTION DREMEL/BOSCH/MULTIMASTER FIT 13 pc BLADE KIT, $89.00 ,https://toronto.craigslist.org/tor/tls/d/oscillating-multifunction-dremel-bosch/6792095809.html
279,OSCILLATING MULTITOOL PORTER CABLE. BLACK & DECKER. STANLEY BLADE KIT, $49.00 ,https://toronto.craigslist.org/tor/tls/d/oscillating-multitool-porter-cable/6792096419.html
280,ROCKWELL SONICRAFTER/RIDGID/RYOBI OSCILLATING MULTI-TOOL BLADES, $89.00 ,https://toronto.craigslist.org/tor/tls/d/rockwell-sonicrafter-ridgid-ryobi/6792097394.html
281,"OSCILLATING BLADES MULTI FUNCTION ROCKWELL, RYOBI & RIDGID COMPATIBLE", $30.00 ,https://toronto.craigslist.org/tor/tls/d/oscillating-blades-multi-function/6791967543.html
282,MULTI FUNCTION (FEIN SUPERCUT COMPATIBLE) OSCILLATING BLADES, $30.00 ,https://toronto.craigslist.org/tor/tls/d/multi-function-fein-supercut-compatible/6791968703.html
283,OSCILLATING BLADES MULTI FUNCTION (FEIN MULTIMASTER COMPATIBLE), $30.00 ,https://toronto.craigslist.org/tor/tls/d/oscillating-blades-multi-function-fein/6791969553.html
284,10 GALLON 6.5 HP GAS WHEELBARROW AIR COMPRESSOR, $800.00 ,https://toronto.craigslist.org/tor/tld/d/north-york-10-gallon-65-hp-gas/6791494884.html
285,BRAND NEW MANIFOLD GAUGE SET, $40.00 ,https://toronto.craigslist.org/tor/tld/d/north-york-brand-new-manifold-gauge-set/6791493780.html
286,Brand New Portable Industrial Fan Blower, $90.00 ,https://toronto.craigslist.org/tor/tld/d/north-york-brand-new-portable/6791494388.html
287,6 Step Step Bit 1/4 shank, $10.00 ,https://toronto.craigslist.org/tor/tld/d/north-york-6-step-step-bit-1-4-shank/6791494638.html
288,"Brand New 4-3/8"" Aluminum Suction Cup and Dent Puller", $10.00 ,https://toronto.craigslist.org/tor/tld/d/north-york-brand-newaluminum-suction/6791494162.html
289,plyers and tape measure, $30.00 ,https://toronto.craigslist.org/tor/tls/d/north-york-plyers-and-tape-measure/6791296400.html
290,Jobmate 5-Pc. Wrecking Bar Set, $25.00 ,https://toronto.craigslist.org/yrk/tls/d/north-york-jobmate-5-pc-wrecking-bar-set/6770612806.html
291,drill, $25.00 ,https://toronto.craigslist.org/tor/tls/d/north-york-drill/6791008936.html
292,Scale Torque Wrench, $30.00 ,https://toronto.craigslist.org/tor/tls/d/north-york-scale-torque-wrench/6790940022.html
293,Brand New Wood Handle Hole digger, $30.00 ,https://toronto.craigslist.org/tor/tld/d/north-york-brand-new-wood-handle-hole/6790775352.html
294,Brand New Fuel Pump and Vacuum Tester, $30.00 ,https://toronto.craigslist.org/tor/tld/d/north-york-brand-new-fuel-pump-and/6790775634.html
295,Reciprocating hack saw 600V," $1,800.00 ",https://toronto.craigslist.org/yrk/tls/d/woodbridge-reciprocating-hack-saw-600v/6790710972.html
296,All sizes of Brand New Diamond Blade and Saw Blade, $5.00 ,https://toronto.craigslist.org/tor/tld/d/north-york-all-sizes-of-brand-new/6790678540.html
297,Rubber Air Hose 3/8-Inch, $45.00 ,https://toronto.craigslist.org/mss/tls/d/mississauga-rubber-air-hose-3-8-inch/6790542872.html
298,Wooden handles, $15.00 ,https://toronto.craigslist.org/tor/tls/d/toronto-wooden-handles/6790508056.html
299,"Hammerdrill, DeWalt", $120.00 ,https://toronto.craigslist.org/tor/tls/d/york-hammerdrill-dewalt/6790365242.html
300,BRAND NEW 40PC TAP & DIE SET MM, $30.00 ,https://toronto.craigslist.org/tor/tld/d/north-york-brand-new-40pc-tap-die-set-mm/6789864658.html
301,Brand New 20V LI-ION Cordless Drill / Impact Driver Kit, $150.00 ,https://toronto.craigslist.org/tor/tld/d/north-york-brand-new-20v-li-ion/6789864957.html
302,BRAND NEW 9PC LOCK OUT TOOL KIT (On Sale), $10.00 ,https://toronto.craigslist.org/tor/tld/d/north-york-brand-new-9pc-lock-out-tool/6789864426.html
303,"New spark plugs for roto-tillers, snow-blowers and other small engines", $5.00 ,https://toronto.craigslist.org/yrk/tls/d/north-york-new-spark-plugs-for-roto/6789617891.html
304,used Makita 14.4V drills with battery & charger, $39.00 ,https://toronto.craigslist.org/yrk/tls/d/thornhill-used-makita-144v-drills-with/6789334509.html
305,Air compressor hardly used, $200.00 ,https://toronto.craigslist.org/tor/tls/d/north-york-air-compressor-hardly-used/6789160739.html
306,BRAND NEW JUMP STARTER / PERSONAL POWER SUPPLY, $130.00 ,https://toronto.craigslist.org/tor/tld/d/north-york-brand-new-jump-starter/6788993286.html
307,6FT EXTRA LONG HSS DRILL BIT, $30.00 ,https://toronto.craigslist.org/tor/tld/d/north-york-6ft-extra-long-hss-drill-bit/6788992991.html
308,Measuring Wheel, $10.00 ,https://toronto.craigslist.org/tor/tld/d/north-york-measuring-wheel/6788993720.html
309,BRAND NEW BENCH GRINDER STAND, $50.00 ,https://toronto.craigslist.org/tor/tld/d/north-york-brand-new-bench-grinder-stand/6788992508.html
310,Ultrasonic measuring device, $35.00 ,https://toronto.craigslist.org/mss/tls/d/mississauga-ultrasonic-measuring-device/6788931123.html
311,"Dual Hinged Top Toolbox, Mastercraft 58-0825-2", $40.00 ,https://toronto.craigslist.org/tor/tls/d/dual-hinged-top-toolbox-mastercraft/6769062104.html
312,plyers and tape measure, $30.00 ,https://toronto.craigslist.org/tor/tls/d/north-york-plyers-and-tape-measure/6788705014.html
313,Scale Torque Wrench, $30.00 ,https://toronto.craigslist.org/tor/tls/d/north-york-scale-torque-wrench/6788602574.html
314,Brand New 3pc Torque Screwdriver, $5.00 ,https://toronto.craigslist.org/tor/tld/d/north-york-brand-new-3pc-torque/6788449417.html
315,"Mastercraft 3/8"" Drill", $20.00 ,https://toronto.craigslist.org/tor/tls/d/toronto-mastercraft-3-8-drill/6788332882.html
316,UNIVERSAL OVERHEAD VALVE SPRING COMPRESSOR, $15.00 ,https://toronto.craigslist.org/tor/tld/d/north-york-universal-overhead-valve/6788267199.html
317,11 PC. MANIFOLD ADAPTORS, $25.00 ,https://toronto.craigslist.org/tor/tld/d/north-york-11-pc-manifold-adaptors/6788266179.html
318,BRAND NEW 18PC RUBBER INSULATED CLAMP, $10.00 ,https://toronto.craigslist.org/tor/tld/d/north-york-brand-new-18pc-rubber/6788266562.html
319,BRAND NEW 8 PCS WING TOGGLE BOLT ASSORTMENT, $10.00 ,https://toronto.craigslist.org/tor/tld/d/north-york-brand-new-8-pcs-wing-toggle/6788266845.html
320,Dymax Professional Grass Trimmer Line, $9.00 ,https://toronto.craigslist.org/yrk/tls/d/north-york-dymax-professional-grass/6788103449.html
321,Mastercraft Maximum 4-in-1 Laser Pro, $30.00 ,https://toronto.craigslist.org/mss/tls/d/mississauga-mastercraft-maximum-4-in-1/6788075907.html
322,North Rite-On Safety Fall Harness  save money!!!, $250.00 ,https://toronto.craigslist.org/mss/tls/d/mississauga-north-rite-on-safety-fall/6788076370.html
323,plyers and tape measure, $35.00 ,https://toronto.craigslist.org/tor/tls/d/north-york-plyers-and-tape-measure/6787693192.html
324,Power Tools Li-ion/Ni-Cad Battery Replacement, $40.00 ,https://toronto.craigslist.org/tor/tld/d/north-york-power-tools-li-ion-ni-cad/6787641759.html
325,5PCS DIAMOND HOLE SAW SET, $35.00 ,https://toronto.craigslist.org/tor/tld/d/north-york-5pcs-diamond-hole-saw-set/6787640360.html
326,"42"" Delineator Post with Base", $30.00 ,https://toronto.craigslist.org/tor/tld/d/north-york-42-delineator-post-with-base/6787637400.html
327,Portable Manual Car Gas Oil Water Liquid Transfer Hand pump, $6.00 ,https://toronto.craigslist.org/tor/tld/d/north-york-portable-manual-car-gas-oil/6787639008.html
328,Dual Scale Torque Wrench, $35.00 ,https://toronto.craigslist.org/tor/tls/d/north-york-dual-scale-torque-wrench/6787381078.html
329,Work light, $20.00 ,https://toronto.craigslist.org/tor/tls/d/north-york-work-light/6768252179.html
330,nails, $2.00 ,https://toronto.craigslist.org/tor/tls/d/north-york-nails/6787204423.html
331,COMPACT METAL BENDER YP-9, $109.00 ,https://toronto.craigslist.org/mss/tld/d/burnaby-compact-metal-bender-yp-9/6766405076.html
332,EGO pole saw attachment, $75.00 ,https://toronto.craigslist.org/tor/tls/d/east-york-ego-pole-saw-attachment/6786886494.html
333,"BRAND NEW 7""X6"" SCRAPER WITH 54"" LONG HANDLE", $17.00 ,https://toronto.craigslist.org/tor/tld/d/north-york-brand-new-7x6-scraper-with/6786726048.html
334,"Brand new 10"" Random Orbit Polisher/ 7"" Polisher/sander Variable Speed", $40.00 ,https://toronto.craigslist.org/tor/tld/d/north-york-brand-new-10-random-orbit/6786722271.html
335,New Face Shield Viser, $10.00 ,https://toronto.craigslist.org/tor/tld/d/north-york-new-face-shield-viser/6786722600.html
336,Dremel router attachment Model 229 new, $40.00 ,https://toronto.craigslist.org/mss/tls/d/mississauga-dremel-router-attachment/6786591602.html
337,Custom Work Table 14' x 4', $500.00 ,https://toronto.craigslist.org/yrk/tls/d/richmond-hill-custom-work-table-14-4/6786297804.html
338,Chopsaw, $65.00 ,https://toronto.craigslist.org/tor/tls/d/north-york-chopsaw/6768977196.html
339,Brand New 1 ton/ 2 ton/ 3 ton Chain Hoist, $50.00 ,https://toronto.craigslist.org/tor/tld/d/north-york-brand-new-1-ton-2-ton-3-ton/6786125956.html
340,Angle Hex Driver with Extension / Quick Change System, $15.00 ,https://toronto.craigslist.org/tor/tld/d/north-york-angle-hex-driver-with/6786126280.html
341,Pick with Wood Handle, $26.00 ,https://toronto.craigslist.org/tor/tld/d/north-york-pick-with-wood-handle/6786126563.html
342,BENCH DRILL, $110.00 ,https://toronto.craigslist.org/tor/tls/d/toronto-bench-drill/6766912088.html
343,MITER TABLE, $99.00 ,https://toronto.craigslist.org/tor/tls/d/toronto-miter-table/6766904907.html
344,PLUNGE ROUTER, $99.00 ,https://toronto.craigslist.org/tor/tls/d/toronto-plunge-router/6766907835.html
345,Master Craft Tile Saw, $100.00 ,https://toronto.craigslist.org/tor/tls/d/scarborough-master-craft-tile-saw/6785890507.html
346,Garage Push Broom, $7.00 ,https://toronto.craigslist.org/tor/tls/d/toronto-garage-push-broom/6785889080.html
347,Zircon Ultrasonic Measure With Laser Targeting, $55.00 ,https://toronto.craigslist.org/tor/tls/d/zircon-ultrasonic-measure-with-laser/6785871985.html
348,Air hawk cordless, $80.00 ,https://toronto.craigslist.org/yrk/tls/d/thornhill-air-hawk-cordless/6785624747.html
349,Impact Wrench - CP-7775, $420.00 ,https://toronto.craigslist.org/mss/tls/d/mississauga-impact-wrench-cp-7775/6785606297.html
350,"Brand New 5"" High Speed Air Sander", $40.00 ,https://toronto.craigslist.org/tor/tld/d/north-york-brand-new-5-high-speed-air/6785605184.html
351,"2"" 18 Ga Brad Nailer &1-5/8"" Stapler Combo", $60.00 ,https://toronto.craigslist.org/tor/tld/d/north-york-2-18-ga-brad-nailerstapler/6785604414.html
352,"Brand New 19"" Tool Box", $25.00 ,https://toronto.craigslist.org/tor/tld/d/north-york-brand-new-19-tool-box/6785604632.html
353,Brand New 1 ton Arbor Press/3 ton Arbor press, $70.00 ,https://toronto.craigslist.org/tor/tld/d/north-york-brand-new-1-ton-arbor-press/6785605007.html
354,HOLE DRILLER, $49.00 ,https://toronto.craigslist.org/tor/tls/d/toronto-hole-driller/6785523322.html
355,SHINGLES REMOVER, $49.00 ,https://toronto.craigslist.org/tor/tls/d/toronto-shingles-remover/6785521771.html
356,20A Twist lock plugs, $5.00 ,https://toronto.craigslist.org/tor/tls/d/toronto-20a-twist-lock-plugs/6774014670.html
357,Portable Tool Kit 42 Piece Tool Kit with Leather Case, $20.00 ,https://toronto.craigslist.org/mss/tls/d/mississauga-portable-tool-kit-42-piece/6785430975.html
358,Belkin Professional Computer Tool Kit, $20.00 ,https://toronto.craigslist.org/mss/tls/d/mississauga-belkin-professional/6785427082.html
359,Grip Grease Gun, $45.00 ,https://toronto.craigslist.org/tor/tls/d/grip-grease-gun/6784972765.html
360,Brand New Nylon Gears, $25.00 ,https://toronto.craigslist.org/bra/tls/d/brampton-brand-new-nylon-gears/6784833478.html
361,Flame Resistant Bib Rain Pant 2XL/Lg, $45.00 ,https://toronto.craigslist.org/tor/tls/d/toronto-flame-resistant-bib-rain-pant/6784819330.html
362,Jobmate dremel 6-7 speeds, $25.00 ,https://toronto.craigslist.org/tor/tls/d/jobmate-dremel-6-7-speeds/6784781789.html
363,Winter Rounded Snow Shovel 28inch, $20.00 ,https://toronto.craigslist.org/tor/tls/d/toronto-winter-rounded-snow-shovel/6784770888.html
364,Black & Decker 7980 Electric Drill Bit Sharpener, $55.00 ,https://toronto.craigslist.org/mss/tls/d/black-decker-7980-electric-drill-bit/6784755681.html
365,Rotring Profile Drafting Board 11 x 17, $85.00 ,https://toronto.craigslist.org/tor/tls/d/rotring-profile-drafting-board-11-17/6784680751.html
366,Staedtler Compass and Protractor Set, $20.00 ,https://toronto.craigslist.org/tor/tls/d/north-york-staedtler-compass-and/6784658992.html
367,Brand New N95 Dust Mask 3pc/Ear Muff, $5.00 ,https://toronto.craigslist.org/tor/tld/d/north-york-brand-new-n95-dust-mask-3pc/6784591579.html
368,"New 4"" X 36"" Wood Sanding Belt", $7.00 ,https://toronto.craigslist.org/tor/tld/d/north-york-new-4-36-wood-sanding-belt/6784587578.html
369,"BRAND NEW 72"" ALUMINUM BAR CLAMP", $30.00 ,https://toronto.craigslist.org/tor/tld/d/north-york-brand-new-72-aluminum-bar/6784574300.html
370,"MilwaukeM18 FUEL Metal Cutting Saw (2782-20) ""You can add battery kit""", $180.00 ,https://toronto.craigslist.org/tor/tls/d/toronto-milwaukem18-fuel-metal-cutting/6784284541.html
371,"Milwaukee M18 FUEL 1/2"" DRILL/DRIVER BRUSHLESS-ONE-KEY (TOOL ONLY)", $150.00 ,https://toronto.craigslist.org/tor/tls/d/toronto-milwaukee-m18-fuel-1-2-drill/6784283612.html
372,Milwaukee M18 FUEL 1/2 Inch Hammer Drill/Driver  ONE-KEY 2706-20, $250.00 ,https://toronto.craigslist.org/tor/tls/d/toronto-milwaukee-m18-fuel-1-2-inch/6784281873.html
373,Dual Scale Torque Wrench, $35.00 ,https://toronto.craigslist.org/tor/tls/d/north-york-dual-scale-torque-wrench/6783994771.html
374,plyers and tape measure, $40.00 ,https://toronto.craigslist.org/tor/tls/d/north-york-plyers-and-tape-measure/6783978268.html
375,"Brand New 3/8"" Close Quarter Drill", $80.00 ,https://toronto.craigslist.org/tor/tld/d/north-york-brand-new-3-8-close-quarter/6783809700.html
376,Brand New Engine Cleaning Gun with 4' Suction Hose, $15.00 ,https://toronto.craigslist.org/tor/tld/d/north-york-brand-new-engine-cleaning/6783809367.html
377,"BRAND NEW 2PC 5-11 TO 5/6"" DRILL SHANK ADAPTER", $5.00 ,https://toronto.craigslist.org/tor/tld/d/north-york-brand-new-2pc-5-11-to-5-6/6783806471.html
378,Table saw and saw blade / air compressor / power pressure hose, $38.00 ,https://toronto.craigslist.org/yrk/tls/d/thornhill-table-saw-and-saw-blade-air/6783563245.html
379,Machine shop tool, $35.00 ,https://toronto.craigslist.org/yrk/tls/d/thornhill-machine-shop-tool/6783552504.html
380,Bearing, $3.00 ,https://toronto.craigslist.org/yrk/tls/d/north-york-bearing/6783523992.html
381,ladder and fan, $15.00 ,https://toronto.craigslist.org/tor/tls/d/thornhill-ladder-and-fan/6783498580.html
382,Transformer step up and down, $40.00 ,https://toronto.craigslist.org/yrk/tls/d/thornhill-transformer-step-up-and-down/6783491459.html
383,Delta table saw fence, $25.00 ,https://toronto.craigslist.org/yrk/tls/d/thornhill-delta-table-saw-fence/6783487310.html
384,Dual saw, $20.00 ,https://toronto.craigslist.org/yrk/tls/d/thornhill-dual-saw/6783473688.html
385,Saw blades, $1.00 ,https://toronto.craigslist.org/tor/tls/d/thornhill-saw-blades/6783434920.html
386,Lufkin Measuring Tape - NEW - 3 Inch Diameter, $60.00 ,https://toronto.craigslist.org/mss/tls/d/mississauga-lufkin-measuring-tape-new-3/6783407094.html
387,Lufkin Measuring Tape - NEW - 4 Inch Diameter, $75.00 ,https://toronto.craigslist.org/mss/tls/d/mississauga-lufkin-measuring-tape-new-4/6783406891.html
388,Fluorescent Work Light, $30.00 ,https://toronto.craigslist.org/mss/tls/d/mississauga-fluorescent-work-light/6783392933.html
389,Impact Wrench - Campbell Hausfeld, $120.00 ,https://toronto.craigslist.org/mss/tls/d/mississauga-impact-wrench-campbell/6783393656.html
390,"DRILL - UP-5547 Reversible Drill 3/8"" 1800 R.P.M.", $120.00 ,https://toronto.craigslist.org/mss/tls/d/drill-up-5547-reversible-drillrpm/6783392700.html
391,Multi-function Wood Carving Grinding Polishing Head Tools Kit, $45.00 ,https://toronto.craigslist.org/mss/tls/d/mississauga-multi-function-wood-carving/6783281516.html
392,Dual Scale Torque Wrench, $35.00 ,https://toronto.craigslist.org/tor/tls/d/north-york-dual-scale-torque-wrench/6783079128.html
393,Staple gun kit - ARROW, $30.00 ,https://toronto.craigslist.org/tor/tls/d/staple-gun-kit-arrow/6783072926.html
394,"45 pc, socket & bit set $ 25.00", $25.00 ,https://toronto.craigslist.org/tor/tls/d/45-pc-socket-bit-set-2500/6782894018.html
395,Tool box + tools, $10.00 ,https://toronto.craigslist.org/tor/tls/d/toronto-tool-box-tools/6764738886.html
396,Steel Straight Edge, $45.00 ,https://toronto.craigslist.org/yrk/tls/d/newmarket-steel-straight-edge/6762452122.html
397,Spreader," $2,400.00 ",https://toronto.craigslist.org/bra/tls/d/brampton-spreader/6782584902.html
398,"Brand New 3 1/4 HP Variable Speed Plunge Router/13""X 18"" ROUTER TABLE", $120.00 ,https://toronto.craigslist.org/tor/tld/d/north-york-brand-newhp-variable-speed/6782570885.html
399,Brand New Air Framing Nailer, $130.00 ,https://toronto.craigslist.org/tor/tld/d/north-york-brand-new-air-framing-nailer/6782560628.html
400,"10"" DRILL PRESS WITH DUAL LASER", $180.00 ,https://toronto.craigslist.org/tor/tld/d/north-york-10-drill-press-with-dual/6782560914.html
401,Snap On Wrenches, $40.00 ,https://toronto.craigslist.org/yrk/tls/d/richmond-hill-snap-on-wrenches/6782353855.html
402,Snap On Stubby, $15.00 ,https://toronto.craigslist.org/yrk/tls/d/richmond-hill-snap-on-stubby/6782352553.html
403,Snap on 3/4 socket wrench fho 24 $40.00, $30.00 ,https://toronto.craigslist.org/drh/tls/d/oshawa-snap-on-3-4-socket-wrench-fho/6782260194.html
404,"Snap-on 1"" Wrench OEX-40", $60.00 ,https://toronto.craigslist.org/drh/tls/d/oshawa-snap-on-1-wrench-oex-40/6782260655.html
405,Ultra Pro metric wrench set 10 to 18 mm BRAN NEW, $75.00 ,https://toronto.craigslist.org/drh/tls/d/oshawa-ultra-pro-metric-wrench-set-10/6782261105.html
406,Snap on ratchet f-710b $40.00, $40.00 ,https://toronto.craigslist.org/drh/tls/d/oshawa-snap-on-ratchet-710b-4000/6782259273.html
407,snap on bubbel flaring Sets, $120.00 ,https://toronto.craigslist.org/drh/tls/d/oshawa-snap-on-bubbel-flaring-sets/6782255908.html
408,"makita 5"" grinder", $65.00 ,https://toronto.craigslist.org/drh/tls/d/oshawa-makita-5-grinder/6782256831.html
409,Makita 1/2 18 volt drill, $45.00 ,https://toronto.craigslist.org/drh/tls/d/makitavolt-drill/6782251725.html
410,"Milwaukee 1/2"" Hammer-Drill", $65.00 ,https://toronto.craigslist.org/drh/tls/d/milwaukee-1-2-hammer-drill/6782252098.html
411,LENOX Sawzall Blades 5-Pack 6 TPI Extra-Sharp #1210, $25.00 ,https://toronto.craigslist.org/drh/tls/d/lenox-sawzall-blades-5-pack-6-tpi-extra/6782252567.html
412,milwaukee m18 1.5 AH redlithium battery bran new, $40.00 ,https://toronto.craigslist.org/drh/tls/d/milwaukee-m18-15-ah-redlithium-battery/6782250864.html
413,36 piece socket set - imperial and metric, $30.00 ,https://toronto.craigslist.org/tor/tls/d/toronto-36-piece-socket-set-imperial/6782213493.html
414,"Brand New 36"" Jumbo Pry Bar/Breaker Bar", $25.00 ,https://toronto.craigslist.org/tor/tld/d/north-york-brand-new-36-jumbo-pry-bar/6781851613.html
415,"Brand New 13"" Magnetic Sweeper", $25.00 ,https://toronto.craigslist.org/tor/tld/d/north-york-brand-new-13-magnetic-sweeper/6781852007.html
416,BRAND NEW 55LB/100lb ANVIL, $120.00 ,https://toronto.craigslist.org/tor/tld/d/north-york-brand-new-55lb-100lb-anvil/6781849602.html
417,"79pc.r,toolset $70 /  multimeter $15 / 22pc.toolset $20", $79.00 ,https://toronto.craigslist.org/tor/tls/d/79pcrtoolset-70-multimeter-15/6781747405.html
418,Antique BLACKSMITH made hand forged iron BROAD AXE !, $75.00 ,https://toronto.craigslist.org/tor/tls/d/antique-blacksmith-made-hand-forged/6760598383.html
419,Antique Electro Boracic Steel skinning tool !, $25.00 ,https://toronto.craigslist.org/tor/tls/d/antique-electro-boracic-steel-skinning/6760606002.html
420,BRAND NEW ALL SIZES OF STEP DRILL BIT, $8.00 ,https://toronto.craigslist.org/tor/tld/d/north-york-brand-new-all-sizes-of-step/6781315970.html
421,Air Hammer Composite, $25.00 ,https://toronto.craigslist.org/tor/tld/d/north-york-air-hammer-composite/6781316281.html
422,BRAND NEW 2 WAY HAND RIVETER W/40PC, $10.00 ,https://toronto.craigslist.org/tor/tld/d/north-york-brand-new-2-way-hand-riveter/6781317027.html
423,"BRAND NEW 6"" GRINDER BUFFER", $130.00 ,https://toronto.craigslist.org/tor/tld/d/north-york-brand-new-6-grinder-buffer/6781317287.html
424,mini scaffold, $40.00 ,https://toronto.craigslist.org/tor/tls/d/etobicoke-mini-scaffold/6781237075.html
425,wrench set $65.00, $65.00 ,https://toronto.craigslist.org/tor/tls/d/wrench-set-6500/6781126848.html
426,BenQ XGA DLP Multimedia Projector 2700 Lumes 6500 Hours SmartEco 1300, $270.00 ,https://toronto.craigslist.org/tor/ele/d/scarborough-benq-xga-dlp-multimedia/6786237951.html
427,Vacuum Cleaner Bissell Easy Vac Plus Upright/Hand Held, $35.00 ,https://toronto.craigslist.org/tor/app/d/toronto-vacuum-cleaner-bissell-easy-vac/6802632065.html
428,laser level $ 30.00, $30.00 ,https://toronto.craigslist.org/tor/tls/d/laser-level-3000/6780558509.html
429,400 watt inverter $ 50.00, $50.00 ,https://toronto.craigslist.org/tor/tls/d/400-watt-inverter-5000/6780557769.html
430,"Hockey Skates, Gloves, Pants, Shoulder Pads, Shin Guards & More", $30.00 ,https://toronto.craigslist.org/tor/spo/d/east-york-hockey-skates-gloves-pants/6802194074.html
431,used and new Different Brands batteries and chargers - $5 (thorn, $5.00 ,https://toronto.craigslist.org/yrk/tls/d/thornhill-used-and-new-different-brands/6780473480.html
432,Rotring Profil Portable Drawing Board, $80.00 ,https://toronto.craigslist.org/mss/tls/d/rotring-profil-portable-drawing-board/6780332044.html
433,"1/4"" Drywall Screwdriver", $60.00 ,https://toronto.craigslist.org/tor/tld/d/north-york-1-4-drywall-screwdriver/6780293428.html
434,Brand New Pipe Wrench, $6.00 ,https://toronto.craigslist.org/tor/tld/d/north-york-brand-new-pipe-wrench/6780292903.html
435,BRAND NEW HOOK SPANNER WRENCH, $7.00 ,https://toronto.craigslist.org/tor/tld/d/north-york-brand-new-hook-spanner-wrench/6780293170.html
436,3/8 / ratchet $15, $15.00 ,https://toronto.craigslist.org/tor/tls/d/3-8-ratchet-15/6780031065.html
437,/PLIER SET $20 / fan blades $ 10 /, $20.00 ,https://toronto.craigslist.org/tor/tls/d/plier-set-20-fan-blades-10/6780030401.html
438,Dual Scale Torque Wrench, $40.00 ,https://toronto.craigslist.org/tor/tls/d/north-york-dual-scale-torque-wrench/6780015278.html
439,Sheet Metal Manual Corner Notcher HN-3/102," $1,059.00 ",https://toronto.craigslist.org/bra/tld/d/burnaby-sheet-metal-manual-corner/6759897106.html
440,KAKA 7-Inch Cast Iron Bead Roller Rotary Former RM-08, $338.00 ,https://toronto.craigslist.org/mss/tld/d/burnaby-kaka-7-inch-cast-iron-bead/6760101860.html
441,Brand New Weekly Digital Timer, $25.00 ,https://toronto.craigslist.org/tor/eld/d/north-york-brand-new-weekly-digital/6799884378.html
442,Toolbox snap on epic," $5,500.00 ",https://toronto.craigslist.org/tor/tls/d/scarborough-toolbox-snap-on-epic/6779960762.html
443,E.MC H-series hand push pneumatic valve Model H533-10H, $30.00 ,https://toronto.craigslist.org/mss/tls/d/mississauga-emc-series-hand-push/6779922783.html
444,METAL 37 COMPARTMENT ORGANIZER, $80.00 ,https://toronto.craigslist.org/tor/hsh/d/scarborough-metal-37-compartment/6799033707.html
445,5 pc. plier set $ 25.00, $25.00 ,https://toronto.craigslist.org/tor/tls/d/5-pc-plier-set-2500/6779814325.html
446,EIZO ColorEdge CG222W Monitor, $299.00 ,https://toronto.craigslist.org/tor/sdp/d/east-york-eizo-coloredge-cg222w-monitor/6776545646.html
447,Dewalt 20v Cordless Impact Driver, $100.00 ,https://toronto.craigslist.org/tor/tls/d/dewalt-20v-cordless-impact-driver/6762428103.html
448,Wiremold Wall Grommet Kit (CMK60), $15.00 ,https://toronto.craigslist.org/tor/ele/d/toronto-wiremold-wall-grommet-kit-cmk60/6796606716.html
449,multi tool, $10.00 ,https://toronto.craigslist.org/tor/tls/d/north-york-multi-tool/6779379162.html
450,plyers and tape measure, $50.00 ,https://toronto.craigslist.org/tor/tls/d/north-york-plyers-and-tape-measure/6779354337.html
451,MILITARY STYLE WINTER JACKET 3XL - trade or sale, $60.00 ,https://toronto.craigslist.org/tor/clo/d/scarborough-military-style-winter/6791897352.html
452,Signmaking template kit - Milescraft SignCrafter, $55.00 ,https://toronto.craigslist.org/mss/tls/d/signmaking-template-kit-milescraft/6779181536.html
453,Sears Craftsman Router. Model 315.17480, $75.00 ,https://toronto.craigslist.org/tor/tld/d/sears-craftsman-router-model/6779048556.html
454,Brand New 250 PSI 12-volt Air Compressor, $15.00 ,https://toronto.craigslist.org/tor/tld/d/north-york-brand-new-250-psi-12-volt/6779030029.html
455,Staple gun kit - ARROW, $30.00 ,https://toronto.craigslist.org/tor/tls/d/staple-gun-kit-arrow/6778848347.html
456,BLACK & DECKER SR100 PLUNGE ROUTER - SR100 TYPE 1, $140.00 ,https://toronto.craigslist.org/tor/tls/d/black-decker-sr100-plunge-router-sr100/6778848497.html
457,"Brand New 12""X10"" or 12""X15"" Heavy Duty Paper Cutter", $35.00 ,https://toronto.craigslist.org/tor/hsd/d/north-york-brand-new-12x10-or-12x15/6793210643.html
458,Queen Folding Box Spring - Zinus Brand - BNIB, $220.00 ,https://toronto.craigslist.org/tor/fuo/d/toronto-queen-folding-box-spring-zinus/6793092580.html
459,Electronics power supplies and tools, $20.00 ,https://toronto.craigslist.org/mss/ele/d/electronics-power-supplies-and-tools/6778768465.html
460,Makita 7 Â¼ in (185 mm) circular saw w steel case & 2 carbide blades, $149.00 ,https://toronto.craigslist.org/yrk/tls/d/north-york-makita-7-in-185-mm-circular/6757470537.html
461,ULINE H-6065 rolling tool chest seat, $125.00 ,https://toronto.craigslist.org/tor/tls/d/etobicoke-uline-6065-rolling-tool-chest/6778681495.html
462,"16"" TIE ROD SEPERATOR", $13.00 ,https://toronto.craigslist.org/tor/tld/d/north-york-16-tie-rod-seperator/6778400136.html
463,"New 6"" Dial Caliper/12"" Extra Large LCD Screen SAE/MM Digital Caliper", $30.00 ,https://toronto.craigslist.org/tor/tld/d/north-york-new-6-dial-caliper-12-extra/6778400436.html
464,Brand New Cable Installation Rod Set 12pc 10M, $25.00 ,https://toronto.craigslist.org/tor/tld/d/north-york-brand-new-cable-installation/6778399626.html
465,BRAND NEW DETAIL SANDER, $35.00 ,https://toronto.craigslist.org/tor/tld/d/north-york-brand-new-detail-sander/6778001657.html
466,Brand New Biscuit Joiner Kit, $120.00 ,https://toronto.craigslist.org/tor/tld/d/north-york-brand-new-biscuit-joiner-kit/6778001930.html
467,New 120pc Nylon Screw/Nut Assortment, $9.00 ,https://toronto.craigslist.org/tor/tld/d/north-york-new-120pc-nylon-screw-nut/6778000624.html
468,Brand New Floor Jack/Bottle Jack, $39.00 ,https://toronto.craigslist.org/tor/tld/d/north-york-brand-new-floor-jack-bottle/6778001296.html
469,Milwaukee Tool 5 inch Random Orbital Sander, $40.00 ,https://toronto.craigslist.org/tor/tls/d/scarborough-milwaukee-tool-5-inch/6777751880.html
470,DEWALT 2.4 amp 1/4 Sheet Palm Grip Sander, $40.00 ,https://toronto.craigslist.org/tor/tls/d/scarborough-dewalt-24-amp-1-4-sheet/6777752292.html
471,"Power Tools, Straight 1/4 inch Die Grinder by Power Fist", $20.00 ,https://toronto.craigslist.org/tor/tls/d/toronto-power-tools-straight-1-4-inch/6777684079.html
472,"WALKER SPARKLING RED LATEST MODEL ""DRIVE"" WITH CASE", $59.00 ,https://toronto.craigslist.org/oak/hab/d/oakville-walker-sparkling-red-latest/6788625412.html
473,Pelican Case. $20 each. Model 1400. (35 Available), $20.00 ,https://toronto.craigslist.org/tor/bpo/d/etobicoke-pelican-case-20-each/6788207843.html
474,Flame Resistant Bib Rain Pant 2XL/Lg, $45.00 ,https://toronto.craigslist.org/tor/for/d/toronto-flame-resistant-bib-rain-pant/6784821770.html
475,Aqua Mix Enrich N Seal (Stone Sealer / Sealant), $125.00 ,https://toronto.craigslist.org/tor/for/d/toronto-aqua-mix-enrich-seal-stone/6787956221.html
476,tool rack / $45.00, $45.00 ,https://toronto.craigslist.org/tor/for/d/scarborough-tool-rack-4500/6787285830.html
477,Work lite, $50.00 ,https://toronto.craigslist.org/yrk/tls/d/scarborough-work-lite/6776731543.html
478,Nail Gun, $200.00 ,https://toronto.craigslist.org/yrk/tls/d/scarborough-nail-gun/6776689077.html
479,"TACRO and Staedtler Drafting Tool Sets, Made In Germany", $25.00 ,https://toronto.craigslist.org/tor/clt/d/tacro-and-staedtler-drafting-tool-sets/6787416236.html
480,tool box $ 25  /  forehead light $15, $25.00 ,https://toronto.craigslist.org/tor/mat/d/tool-box-25-forehead-light-15/6803114453.html
481,Stanley Safety Lid Support, $5.00 ,https://toronto.craigslist.org/mss/hsh/d/mississauga-stanley-safety-lid-support/6802657809.html
482,Jig Saw, $75.00 ,https://toronto.craigslist.org/yrk/tls/d/scarborough-jig-saw/6776461813.html
483,Router, $75.00 ,https://toronto.craigslist.org/yrk/tls/d/scarborough-router/6776425585.html
484,Biscuit Jointer, $50.00 ,https://toronto.craigslist.org/yrk/tls/d/scarborough-biscuit-jointer/6776423806.html
485,Sander, $50.00 ,https://toronto.craigslist.org/yrk/tls/d/scarborough-sander/6776421627.html
486,Mixing Drill, $100.00 ,https://toronto.craigslist.org/yrk/tls/d/scarborough-mixing-drill/6776414850.html
487,Vintage Hazel Atlas Nut Chopper Handcrank Kitchen Tool, $15.00 ,https://toronto.craigslist.org/yrk/atq/d/richmond-hill-vintage-hazel-atlas-nut/6797853878.html
488,"Lithium Ion Cordless 6-1/2"" Circular Saw 20 Volt Max", $70.00 ,https://toronto.craigslist.org/tor/tld/d/north-york-lithium-ion-cordlesscircular/6776248596.html
489,Brand New 10PC SUPER GLUE, $3.00 ,https://toronto.craigslist.org/tor/tld/d/north-york-brand-new-10pc-super-glue/6776248836.html
490,"BRAND NEW 32PCS 6"" EXTRA LONG SECURITY BIT SET", $40.00 ,https://toronto.craigslist.org/tor/tld/d/north-york-brand-new-32pcs-6-extra-long/6776247697.html
491,BRAND NEW 14 PC BALL JOINT ADAPTOR SET, $90.00 ,https://toronto.craigslist.org/tor/tld/d/north-york-brand-new-14-pc-ball-joint/6776247977.html
492,Arc'teryx Arcteryx Men Alpha LT GORETEX Ski Shell Jacket Blue Large, $500.00 ,https://toronto.craigslist.org/tor/clo/d/arcteryx-arcteryx-men-alpha-lt-goretex/6790478645.html
493,Flame Resistant Bib Rain Pant 2XL/Lg, $45.00 ,https://toronto.craigslist.org/tor/pts/d/toronto-flame-resistant-bib-rain-pant/6784820543.html
494,Brand New Cob Led Work light (2100 lumens), $55.00 ,https://toronto.craigslist.org/tor/hsd/d/north-york-brand-new-cob-led-work-light/6784574526.html
495,bench $ 60, $60.00 ,https://toronto.craigslist.org/tor/pts/d/bench-60/6799339711.html
496,Linksys EA4500 Dual Band Wireless Router with Gigabit and USB, $25.00 ,https://toronto.craigslist.org/tor/sop/d/markham-linksys-ea4500-dual-band/6765122277.html
497,tool box $ 25  /  forehead light $15, $25.00 ,https://toronto.craigslist.org/tor/mat/d/tool-box-25-forehead-light-15/6797732410.html
498,"Brand New 7"" Electric Grinder/Polisher (Variable Speed)", $99.00 ,https://toronto.craigslist.org/tor/tld/d/north-york-brand-new-7-electric-grinder/6775455344.html
499,Brand New 12' 10 Gauge Booster Cable, $10.00 ,https://toronto.craigslist.org/tor/tld/d/north-york-brand-newgauge-booster-cable/6775455680.html
500,BRAND NEW 18PC RUBBER INSULATED CLAMP, $10.00 ,https://toronto.craigslist.org/tor/tld/d/north-york-brand-new-18pc-rubber/6775455936.html
501,Steel Filing Cabinet, $30.00 ,https://toronto.craigslist.org/tor/for/d/toronto-steel-filing-cabinet/6796874232.html
502,HSS Drill bits new retail packs, $10.00 ,https://toronto.craigslist.org/tor/tls/d/north-york-hss-drill-bits-new-retail/6753490615.html
503,ORICO CD-ROM Space internal 3.5 inch SATA HDD Frame, $15.00 ,https://toronto.craigslist.org/tor/sop/d/toronto-orico-cd-rom-space-internal-35/6796577890.html
504,"iCAN 3.5"" SATA HDD Enclosure USB 3.0", $20.00 ,https://toronto.craigslist.org/tor/ele/d/toronto-ican-35-sata-hdd-enclosure-usb/6796625177.html
505,"Orico Hard Drive Enclosure3.5""Sata 3.0 USB 3.0 HDD Case", $20.00 ,https://toronto.craigslist.org/tor/sop/d/toronto-orico-hard-drive/6796594177.html
506,ORICO 1105SS Tool Free 3.5 SATA to 5.25 SATA Metal Bracket, $20.00 ,https://toronto.craigslist.org/tor/sop/d/toronto-orico-1105ss-tool-free-35-sata/6796573051.html
507,Table Saw, $125.00 ,https://toronto.craigslist.org/yrk/tls/d/scarborough-table-saw/6775373761.html
508,The Breville Juice & Blend BJB840XL $429.99, $430.00 ,https://toronto.craigslist.org/tor/ppd/d/the-breville-juice-blend-bjb840xl-42999/6795861935.html
509,"White Adjustable Window Screen 10"" Tall (20"" to 37"" Wide)", $25.00 ,https://toronto.craigslist.org/tor/hsh/d/white-adjustable-window-screen-10-tall/6781835115.html
510,Professional Wet/Dry - Vac Brand New Still in Box !, $175.00 ,https://toronto.craigslist.org/tor/hsh/d/scarborough-professional-wet-dry-vac/6775090873.html
511,"Brand New 1-3/4"" Coil Roofing Nailer", $150.00 ,https://toronto.craigslist.org/tor/tld/d/north-york-brand-newcoil-roofing-nailer/6774344008.html
512,"Brand New 4"" CROSS VISE", $70.00 ,https://toronto.craigslist.org/tor/tld/d/north-york-brand-new-4-cross-vise/6774344281.html
513,"Brand New 36"" x 43"" with 12 Hooks Cargo Net with Nylon Hooks", $10.00 ,https://toronto.craigslist.org/tor/tld/d/north-york-brand-newwith-12-hooks-cargo/6774342155.html
514,FUNNEL - 2L CAPACITY, $2.00 ,https://toronto.craigslist.org/tor/tls/d/north-york-funnel-2l-capacity/6774049188.html
515,"OILER, $4  -  5 oz, BY U LUBE IT", $4.00 ,https://toronto.craigslist.org/tor/tls/d/north-york-oiler-4-5-oz-by-lube-it/6774031080.html
516,"OIL FUNNEL, 2L WITH REMOVAL SPOUT AND FILTER SCREEN", $4.00 ,https://toronto.craigslist.org/tor/tls/d/north-york-oil-funnel-2l-with-removal/6774016567.html
517,"OIL FILTER WRENCH, SWIVEL STYLE", $4.00 ,https://toronto.craigslist.org/tor/tls/d/north-york-oil-filter-wrench-swivel/6774002166.html
518,Brand New Hybrid Polymer industrial air hose, $20.00 ,https://toronto.craigslist.org/tor/bfd/d/north-york-brand-new-hybrid-polymer/6779030204.html
519,BX wire, $100.00 ,https://toronto.craigslist.org/tor/mat/d/scarborough-bx-wire/6778497598.html
520,nails, $2.00 ,https://toronto.craigslist.org/tor/tls/d/north-york-nails/6773714936.html
521,Brand New Manifold Round w/ 3 Couplers, $15.00 ,https://toronto.craigslist.org/tor/tld/d/north-york-brand-new-manifold-round-3/6773275006.html
522,Brand New Air Tire Inflator Gas Station Style, $13.00 ,https://toronto.craigslist.org/tor/tld/d/north-york-brand-new-air-tire-inflator/6773275809.html
523,Brad nailer 18 Gauge straight finish nails, $350.00 ,https://toronto.craigslist.org/tor/tls/d/north-york-brad-nailer-18-gauge/6773251945.html
524,bench $ 60.00  forehead light $15, $60.00 ,https://toronto.craigslist.org/tor/mat/d/bench-6000-forehead-light-15/6782883198.html
525,10-Inch Saw Blade, $60.00 ,https://toronto.craigslist.org/yrk/tls/d/thornhill-10-inch-saw-blade/6773173256.html
526,Leatherman Multi Tool Victorinox Huntsman WENGER NEW, $40.00 ,https://toronto.craigslist.org/tor/spo/d/york-leatherman-multi-tool-victorinox/6769759412.html
527,Linksys EA4500 N900 Dual-Band Wi-Fi Router, $55.00 ,https://toronto.craigslist.org/mss/sop/d/mississauga-linksys-ea4500-n900-dual/6777166067.html
528,2 Antique cast iron McCORMICK & IDEAL GIANT tool box lids !, $40.00 ,https://toronto.craigslist.org/tor/clt/d/2-antique-cast-iron-mccormick-ideal/6758111685.html
529,Steel tread plate (2 pieces), $80.00 ,https://toronto.craigslist.org/tor/tls/d/steel-tread-plate-2-pieces/6772864021.html
530,/wash brush/ air filter/ $ 5 each, $5.00 ,https://toronto.craigslist.org/tor/pts/d/wash-brush-air-filter-5-each/6779814478.html
531,BRAND NEW 26PC THICKNESS GAUGE, $5.00 ,https://toronto.craigslist.org/tor/tld/d/north-york-brand-new-26pc-thickness/6772501395.html
532,Petzl Sama Climbing Harness  NEW IN CARRY BAG Model C21M6, $60.00 ,https://toronto.craigslist.org/mss/spo/d/petzl-sama-climbing-harness-new-in/6779115335.html
533,green coffee table $ 20, $20.00 ,https://toronto.craigslist.org/tor/fuo/d/green-coffee-table-20/6779077431.html
534,220 volt / 4800 watt / heater $ 70.00, $70.00 ,https://toronto.craigslist.org/tor/hsh/d/220-volt-4800-watt-heater-7000/6778426912.html
535,Soldering Bits, $15.00 ,https://toronto.craigslist.org/tor/tls/d/toronto-soldering-bits/6749401092.html
536,BRAND NEW SCALE W/ TAPE 80LBS/35KGS, $9.00 ,https://toronto.craigslist.org/tor/tld/d/north-york-brand-new-scale-tape-80lbs/6771685260.html
537,Brand New Wood Moisture Meter, $30.00 ,https://toronto.craigslist.org/tor/tld/d/north-york-brand-new-wood-moisture-meter/6771685541.html
538,50 Pcs Screwdriver And Bits Kit, $25.00 ,https://toronto.craigslist.org/tor/tld/d/north-york-50-pcs-screwdriver-and-bits/6771685839.html
539,Brand New Hybrid Polymer industrial air hose, $20.00 ,https://toronto.craigslist.org/tor/tld/d/north-york-brand-new-hybrid-polymer/6771686138.html
540,BRAND NEW 12PCS SAFETY SET, $8.00 ,https://toronto.craigslist.org/tor/tld/d/north-york-brand-new-12pcs-safety-set/6771686446.html
541,"6""X1-1/2""TIRE 70LB/LOAD", $8.00 ,https://toronto.craigslist.org/tor/hsd/d/north-york-6x1-1-2tire-70lb-load/6772501581.html
542,StarTech.com 2.5-Inch to 3.5-Inch SATA SSD/HDD 25SAT35HDD, $15.00 ,https://toronto.craigslist.org/tor/sop/d/markham-startechcom-25-inch-to-35-inch/6755547838.html
543,makita 18 v cordless bandsaw blades, $45.00 ,https://toronto.craigslist.org/tor/tls/d/north-york-makita-18-cordless-bandsaw/6750015493.html
544,ConairPRO Dog 2-in-1 Clipper/Trimmer Kit, $40.00 ,https://toronto.craigslist.org/mss/tls/d/conairpro-dog-2-in-1-clipper-trimmer-kit/6770839151.html
545,"Manual woodworking tools - jointer planers Stanley, Craftsman", $45.00 ,https://toronto.craigslist.org/mss/tls/d/manual-woodworking-tools-jointer/6770888219.html
546,12V Li-ion Cordless Impact Driver Kit, $80.00 ,https://toronto.craigslist.org/tor/tld/d/north-york-12v-li-ion-cordless-impact/6770907806.html
547,Impact Wrench - CP-7769, $250.00 ,https://toronto.craigslist.org/mss/tls/d/mississauga-impact-wrench-cp-7769/6771063137.html
,," $64,020.00 ",