,title,price
0,Deluxe Component Carpenter Apron,$129.00
1,Pro Contractor Carpenter Apron,$129.00
2,Professional Carpenter Apron,$139.00
3,Carpenter Apron,$59.98
4,Carpenter's Glue 400Ml,$11.47
5,Classic Carpenters Round Seat Counter Stool - Natural,$73.14
6,Carpenter's Pencil,$0.25
7,31 Pocket Carpenters Combo Apron,$159.00
8,Pro Carpenter's Glue 150Ml,$5.57
9,Pro Carpenter's Glue 3L,$36.97
10,Classic Carpenters Round Seat Bar Stool - Natural,$80.76
11,8 in.X12 in. Steel Carpenter Square,$7.47
12,8 Pocket Carpenter Apron,$32.97
13,10 pk Carpenter Pencil and sharpener,$3.97
14,Lepage Carpenter's Glue,$19.97
15,CHUBBY's Carpenter Pencils,$3.47
16,Carpenter Apron,$29.98
17,Carpenters Pencils 7 inch. Hard - 12/Bx,$53.22
18,98-In. Professional Cutting Guide,$44.47
19,48 in. Drywall T-Square,$21.98
20,7 in. Heavy Duty Steel Rafter Sq,$9.98
21,7 Inch Square,$14.98
22,48 in. Aluminum Straight Edge,$13.47
23,True Blue 12-inch Combo Square,$17.98
24,12-inch Square,$24.98
25,9-1/2 in. Heavy Duty Try Square,$13.77
26,16-inch x 24-inch Steel Square Metric,$10.47
27,True Blue 6 Inch  Combo Square,$13.47
28,12-Inch Laser Etched Aluminum Rafter Square,$24.99
29,17-in-1 Universal Square,$14.98
30,True Blue 16 Inch Combo Square,$16.70
31,36 in. Aluminum Straight Edge,$9.48
32,7-1/4 in. Polycast Rafter Square,$5.98
33,7-Inch Laser Etched Aluminum Rafter Square,$24.99
34,7-Inch and 12-Inch Polycast Rafter Square Set (2-Tool),$12.98
35,12 in. Polycast Rafter Square,$10.98
